c,PA_empirica,PA_normal
0,2.3137436372049977e-4,0
12.377871485943789,0.04627487274409996,0.005353080134018473
24.755742971887578,0.09239549591238624,0.010705919318458434
37.13361445783137,0.13558537714021288,0.016058276636277347
49.511485943775156,0.17615301557920715,0.02140991123549707
61.88935742971894,0.21533240783587845,0.02676058236171841
74.26722891566274,0.24895881536325776,0.03211004939061207
86.64510040160653,0.28258522289063703,0.037458071860382414
99.02297188755031,0.31320376368964986,0.042804409504193286
111.4008433734941,0.34243405830633966,0.04814882228255002
123.77871485943788,0.36564861946629645,0.053491070415631226
136.15658634538167,0.3907141755360173,0.0588309144155611
148.53445783132548,0.4135431127564399,0.06416811511861703
160.91232931726927,0.4381459200987197,0.06950243371736364
173.29020080321305,0.4578127410149622,0.07483363179270713
185.66807228915684,0.47747956193120467,0.08016147134586254
198.04594377510062,0.49583526145303103,0.08548571483022643
210.4238152610444,0.5139595866111368,0.09080612518314818
222.8016867469882,0.528227672373901,0.09612246585759254
235.17955823293198,0.5438068795310813,0.10143450085368727
247.55742971887577,0.5588462131729137,0.106741994750147
259.93530120481955,0.5726515502082369,0.11204471273556882
272.31317269076334,0.5834490205151935,0.11734242063959038
284.6910441767071,0.5954033626407528,0.12263488496390484
297.06891566265097,0.6065093320993368,0.12792187291312612
309.44678714859475,0.6169211784667592,0.13320315242549613
321.82465863453854,0.6286441462285979,0.13847849220342923
334.2025301204823,0.6395187413234613,0.14374766174388542
346.5804016064261,0.6490050902360018,0.14901043136856673
358.9582730923699,0.6573345673299399,0.15426657225392976
371.3361445783137,0.6673607897578282,0.15951585646100835
383.71401606425746,0.6755360172759525,0.16475805696503898
396.09188755020125,0.6839426191577973,0.16999294768488338
408.46975903614504,0.6918093475242943,0.1752203035122416
420.8476305220888,0.6993675767391639,0.180439900340649
433.2255020080326,0.7065401820144994,0.18565151509425193
445.6033734939764,0.7138670368656487,0.19085492575635493
457.9812449799202,0.7202683942619158,0.19604991139773303
470.35911646586396,0.7263612525065556,0.20123625220470526
482.73698795180775,0.7323769859632886,0.20641372950696102
495.11485943775153,0.7379299706925806,0.2115821258051343
507.4927309236954,0.743714329785593,0.21674122479812125
519.8706024096391,0.7494215640906987,0.2218908114101329
532.248473895583,0.7551287983958044,0.22703067181748
544.6263453815267,0.7596020360944007,0.23216059347508233
557.0042168674705,0.7641523985809039,0.2372803651426988
569.3820883534142,0.7701681320376369,0.24238977691087116
581.7599598393581,0.7759524911306493,0.24748862022657792
594.1378313253019,0.7807342279808731,0.2525766879185919
606.5157028112457,0.7859787135585378,0.25765377422253677
618.8935742971895,0.7900663273175998,0.2627196748056382
631.2714457831332,0.7943853154403825,0.26777418679116305
643.6493172690771,0.7983958044115379,0.27281710878254417
656.0271887550208,0.8021749190189726,0.2778482408871832
668.4050602409646,0.8059540336264075,0.28286738473993034
680.7829317269084,0.8104272713250038,0.28787434352623226
693.1608032128522,0.8148233842356933,0.2928689220049481
705.538674698796,0.8175998766003394,0.29785092653082534
717.9165461847398,0.8216103655714947,0.30282016507663523
730.2944176706835,0.824232608360327,0.30777644725495834
742.6722891566274,0.827009100724973,0.3127195843396236
755.0501606425711,0.8304025913928736,0.3176493892867889
767.4280321285149,0.8331790837575197,0.3225656767556656
779.8059036144587,0.8357242017584452,0.3274682631288802
792.1837751004025,0.8389634428505321,0.3323569665324703
804.5616465863463,0.8421255591547123,0.3372316068555116
816.9395180722901,0.8443621780040105,0.3420920057693714
829.3173895582339,0.8467530464291223,0.34693798674658854
841.6952610441776,0.8493752892179547,0.35176937507937156
854.0731325301215,0.8517661576430665,0.35658599789771694
866.4510040160652,0.8543884004318988,0.36138768418714123
878.828875502009,0.8559308961900355,0.36617426480602633
891.2067469879528,0.8592472620700293,0.3709455725025735
903.5846184738966,0.8615610057072343,0.37570144193136473
915.9624899598404,0.8648002467993213,0.3804417096695283
928.3403614457842,0.8674224895881536,0.3851662142325072
940.7182329317279,0.8701218571648928,0.38987479608942643
953.0961044176718,0.8718957272867499,0.3945672976780584
965.4739759036155,0.8745950948634891,0.39924356341938466
977.8518473895593,0.8766003393490668,0.4039034397317503
990.2297188755031,0.8796853308653401,0.4085467750446115
1002.6075903614469,0.881613450563011,0.4131734198118727
1014.9854618473908,0.8838500694123091,0.4177832265248127
1027.3633333333346,0.885315440382539,0.42237604972459863
1039.7412048192782,0.8878605583834644,0.42695174601438535
1052.119076305222,0.8898658028690422,0.43151017407100045
1064.496947791166,0.8919481721425266,0.43605119465621156
1076.8748192771097,0.8934135431127564,0.4405746706275788
1089.2526907630534,0.8954187875983342,0.4450804669488866
1101.6305622489972,0.8968070337806571,0.44956845070015905
1114.008433734941,0.8980410303871664,0.454038491087254
1126.3863052208849,0.8998920252969305,0.45849045945103806
1138.7641767068285,0.9010488971155329,0.4629242292761422
1151.1420481927723,0.9025142680857627,0.46733967619929406
1163.5199196787162,0.9039025142680858,0.4717366780172333
1175.89779116466,0.9052907604504088,0.47611511469420253
1188.2756626506039,0.9072188801480796,0.48047486836901976
1200.6535341365475,0.9089927502699368,0.4848158233617296
1213.0314056224913,0.9107666203917939,0.48913786617983446
1225.4092771084352,0.912540490513651,0.49344088552410514
1237.787148594379,0.9144686102113219,0.4977247722939732
1250.1650200803226,0.9160882307573655,0.5019894195925038
1262.5428915662665,0.9172451025759679,0.5062347227309504
1274.9207630522103,0.9182477248187567,0.5104605792328932
1287.2986345381541,0.9192503470615456,0.5146668888379614
1299.6765060240978,0.9200987197285208,0.5188535535051386
1312.0543775100416,0.9212555915471232,0.5230204774156569
1324.4322489959854,0.9224124633657258,0.5271675669754755
1336.8101204819293,0.9239549591238624,0.5312947308173508
1349.187991967873,0.925111830942465,0.5354018798024944
1361.5658634538167,0.9259602036094401,0.5394889270218244
1373.9437349397606,0.9274255745796699,0.5435557877968092
1386.3216064257044,0.9288909455498997,0.5476023796799074
1398.6994779116483,0.9298164430047817,0.5516286224546032
1411.077349397592,0.9314360635508252,0.5556344381350439
1423.4552208835357,0.9327471849452414,0.5596197509652752
1435.8330923694796,0.9343668054912849,0.5635844874180824
1448.2109638554234,0.9366034243405831,0.5675285761934367
1460.588835341367,0.9372975474317445,0.5714519482165484
1472.9667068273109,0.9383772944624402,0.5753545366355323
1485.3445783132547,0.9392256671294154,0.579236276818685
1497.7224497991986,0.9397655406447633,0.5830971063513789
1510.1003212851422,0.9402282893722043,0.5869369650325735
1522.478192771086,0.9412309116149931,0.5907557948709496
1534.8560642570299,0.9420021594940614,0.5945535400806661
1547.2339357429737,0.9431590313126639,0.5983301470767448
1559.6118072289173,0.9438531544038253,0.6020855644700862
1571.9896787148612,0.9452414005861484,0.6058197430621176
1584.367550200805,0.9463982724047509,0.6095326358390785
1596.7454216867488,0.9468610211321918,0.6132241979659457
1609.1232931726927,0.9473237698596328,0.6168943867800033
1621.5011646586363,0.9480178929507944,0.6205431617840573
1633.8790361445801,0.9487891408298628,0.6241704846393026
1646.256907630524,0.9494832639210242,0.6277763191578436
1658.6347791164678,0.9502545118000926,0.6313606312948722
1671.0126506024114,0.9508715101033473,0.6349233891405082
1683.3905220883553,0.9510257596791609,0.6384645629113047
1695.7683935742991,0.9514885084066019,0.6419841249414229
1708.146265060243,0.9522597562856702,0.6454820496734802
1720.5241365461866,0.9530310041647385,0.6489583136490761
1732.9020080321304,0.9536480024679932,0.6524128954989992
1745.2798795180743,0.9543421255591548,0.6558457759331201
1757.657751004018,0.955576122165664,0.6592569377299737
1770.0356224899617,0.9567329939842666,0.6626463657260367
1782.4134939759056,0.9572728674996144,0.6660140468047024
1794.7913654618494,0.9579669905907758,0.6693599698849588
1807.1692369477933,0.9585068641061237,0.6726841259097748
1819.547108433737,0.9589696128335647,0.6759865078341969
1831.9249799196807,0.9598179855005399,0.6792671106131631
1844.3028514056246,0.9602807342279809,0.6825259311890379
1856.6807228915684,0.9607434829554219,0.6857629684788719
1869.0585943775122,0.961129106894956,0.6889782233613924
1881.4364658634559,0.9616689804103039,0.6921716986637294
1893.8143373493997,0.9621317291377449,0.6953433991478799
1906.1922088353435,0.9630572265926268,0.6984933314969173
1918.5700803212874,0.9635199753200678,0.7016215043009518
1930.947951807231,0.9640598488354157,0.7047279280428421
1943.3258232931748,0.9645225975628567,0.707812615083668
1955.7036947791187,0.9649853462902978,0.7108755796479671
1968.0815662650625,0.9651395958661114,0.7139168378087392
1980.4594377510061,0.9658337189572729,0.7169364074722262
1992.83730923695,0.9661422181089002,0.7199343083624702
2005.2151807228938,0.9665278420484343,0.7229105620056554
2017.5930522088377,0.9669134659879686,0.725865191714239
2029.9709236947815,0.9672219651395959,0.7287982225708775
2042.3487951807251,0.96760758907913,0.7317096814121501
2054.726666666669,0.9679160882307574,0.7345995968120893
2067.104538152613,0.9683017121702915,0.7374679990655171
2079.4824096385564,0.9689187104735462,0.7403149201712
2091.8602811245005,0.9695357087768008,0.7431403938148212
2104.238152610444,0.9696128335647077,0.7459444553517778
2116.6160240963877,0.9696899583526145,0.7487271417898089
2128.993895582332,0.9703069566558692,0.7514884917714595
2141.3717670682754,0.9706154558074965,0.7542285455563829
2153.7496385542195,0.9712324541107512,0.7569473450034905
2166.127510040163,0.9720037019898196,0.7596449335529523
2178.5053815261067,0.9723122011414469,0.7623213562080524
2190.8832530120508,0.9730063242326084,0.7649766595169066
2203.2611244979944,0.9733148233842357,0.7676108915540458
2215.6389959839385,0.9737775721116767,0.7702241019018724
2228.016867469882,0.974086071263304,0.7728163416319908
2240.3947389558257,0.9746259447786518,0.7753876632864224
2252.7726104417698,0.9751658182939997,0.777938120858707
2265.1504819277134,0.975937066173068,0.7804677697748952
2277.528353413657,0.9761684405367885,0.7829766668744395
2289.906224899601,0.9764769396884159,0.7854648703909873
2302.2840963855447,0.9770939379916705,0.787932439933082
2314.6619678714887,0.9776338115070183,0.790379436464776
2327.0398393574324,0.9779423106586457,0.7928059222861618
2339.417710843376,0.9784050593860867,0.7952119610138255
2351.79558232932,0.978713558537714,0.7975976175612298
2364.1734538152637,0.9793305568409687,0.7999629581190271
2376.5513253012077,0.9797161807805028,0.802308050135312
2388.9291967871513,0.9799475551442234,0.8046329622958169
2401.307068273095,0.980101804720037,0.8069377645040542
2413.684939759039,0.9806416782353848,0.8092225278614119
2426.0628112449826,0.9810273021749191,0.8114873246472053
2438.4406827309263,0.9812586765386395,0.8137322282986932
2450.8185542168703,0.9814129261144532,0.8159573133910595
2463.196425702814,0.9815671756902669,0.8181626556173663
2475.574297188758,0.9817985500539873,0.8203483317684854
2487.9521686747016,0.9818756748418942,0.8225144197130095
2500.3300401606452,0.9821070492056146,0.82466099837715
2512.7079116465893,0.9824926731451489,0.8267881477246255
2525.085783132533,0.982878297084683,0.8288959487365447
2537.4636546184765,0.982878297084683,0.8309844833912905
2549.8415261044206,0.9830325466604967,0.833053834644407
2562.219397590364,0.9832639210242172,0.8351040864084955
2574.5972690763083,0.983341045812124,0.8371353235331243
2586.975140562252,0.9835724201758446,0.8391476317847546
2599.3530120481955,0.9839580441153787,0.8411410978266908
2611.7308835341396,0.9840351689032855,0.8431158091990536
2624.108755020083,0.9841894184790991,0.8450718542987861
2636.4866265060273,0.9844979176307265,0.8470093223596933
2648.864497991971,0.9845750424186334,0.8489283034325207
2661.2423694779145,0.9850377911460744,0.8508288883650754
2673.6202409638586,0.985192040721888,0.8527111687823948
2685.998112449802,0.9852691655097948,0.8545752370669646
2698.375983935746,0.9853462902977017,0.8564211863389936
2710.75385542169,0.9854234150856085,0.8582491104367451
2723.1317269076335,0.9855776646614222,0.860059103896933
2735.5095983935776,0.9857319142372358,0.8618512619351826
2747.887469879521,0.9858090390251427,0.8636256804265611
2760.265341365465,0.9858861638130495,0.8653824558861842
2772.643212851409,0.9861946629646768,0.8671216854498975
2785.0210843373525,0.9863489125404905,0.868843466855039
2797.3989558232965,0.9865031621163042,0.8705478984212882
2809.77682730924,0.9865802869042111,0.8722350790316002
2822.154698795184,0.987043035631652,0.8739051081132332
2834.532570281128,0.9872744099953725,0.8755580856188684
2846.9104417670715,0.987505784359093,0.8771941120078303
2859.288313253015,0.9875829091469999,0.8788132882274058
2871.666184738959,0.987968533086534,0.8804157156942684
2884.0440562249028,0.987968533086534,0.8820014962760092
2896.421927710847,0.9880456578744409,0.8835707322727796
2908.7997991967904,0.9881999074502545,0.8851235263990445
2921.177670682734,0.988431281813975,0.8866599817654545
2933.555542168678,0.9885855313897887,0.8881802018608355
2945.9334136546217,0.9885855313897887,0.8896842905343003
2958.3112851405654,0.9885855313897887,0.8911723519774851
2970.6891566265094,0.9885855313897887,0.8926444907069122
2983.067028112453,0.9885855313897887,0.8941008115464842
2995.444899598397,0.9888169057535092,0.8955414196101088
3007.8227710843407,0.988894030541416,0.8969664202844584
3020.2006425702843,0.9890482801172297,0.8983759192118684
3032.5785140562284,0.9891254049051366,0.8997700222733738
3044.956385542172,0.9895110288446707,0.9011488355718874
3057.334257028116,0.9896652784204844,0.9025124654155224
3069.7121285140597,0.989819527996298,0.903861018301062
3082.0900000000033,0.9899737775721117,0.9051946008975752
